customer_id,district,region,monthly_spend_mwk,visits_per_month,avg_basket_size,airtime_spend_mwk,groceries_spend_mwk,digital_share,loyalty_member
EC0001,Thyolo,Southern,101482.52,10,6.81,21355.95,56593.48,0.37,1
EC0002,Karonga,Northern,118133.46,3,6.52,4598.96,75595.88,0.02,1
EC0003,Karonga,Northern,11345.34,3,6.65,7875.06,5106.52,0.23,0
EC0004,Rumphi,Northern,53388.77,2,4.12,16266.43,19913.6,0.14,0
EC0005,Dedza,Central,77192.29,6,5.79,13043.66,29529.35,0.36,1
EC0006,Dedza,Central,27030.25,10,5.94,15819.14,12591.15,0.0,1
EC0007,Mzuzu,Northern,48653.81,6,5.91,461.11,31362.16,0.24,0
EC0008,Rumphi,Northern,93649.51,8,4.39,26768.04,44403.4,0.06,1
EC0009,Mangochi,Southern,151594.03,8,4.78,0.0,60505.62,0.18,0
EC0010,Zomba,Southern,56382.39,4,7.55,13025.38,24146.83,0.38,0
EC0011,Kasungu,Central,168354.04,13,2.49,17669.49,96822.99,0.16,0
EC0012,Mangochi,Southern,63283.4,6,5.38,6570.49,30003.65,0.0,0
EC0013,Mangochi,Southern,84760.7,4,1.9,5483.56,32466.68,0.23,1
EC0014,Rumphi,Northern,101956.3,6,6.23,3418.52,50986.02,0.24,1
EC0015,Blantyre,Southern,65233.01,2,1.32,0.0,34891.5,0.07,0
EC0016,Mzuzu,Northern,91106.7,6,5.96,27918.39,56652.55,0.32,1
EC0017,Zomba,Southern,144956.55,6,6.07,11940.45,78361.14,0.47,1
EC0018,Dedza,Central,100896.13,2,2.64,17040.86,61553.13,0.21,1
EC0019,Dedza,Central,107899.39,7,4.51,16591.9,58665.59,0.21,1
EC0020,Rumphi,Northern,49483.01,5,2.81,11321.49,29266.26,0.17,0
EC0021,Lilongwe,Central,117373.64,3,5.13,16184.06,56548.04,0.18,1
EC0022,Rumphi,Northern,88791.52,4,3.75,18648.18,51853.42,0.44,0
EC0023,Mzimba,Northern,130081.26,5,5.33,11411.88,45973.03,0.21,0
EC0024,Mzimba,Northern,114290.17,3,5.85,15912.28,58573.06,0.25,1
EC0025,Mangochi,Southern,47396.58,5,8.82,9907.45,25604.96,0.14,1
EC0026,Mangochi,Southern,117734.23,5,3.78,15783.19,59692.02,0.39,1
EC0027,Zomba,Southern,56400.5,5,6.79,3518.18,33253.58,0.34,0
EC0028,Mzuzu,Northern,119608.7,4,5.84,6957.69,72920.19,0.11,0
EC0029,Zomba,Southern,105900.98,11,3.15,26450.6,51258.93,0.05,0
EC0030,Mangochi,Southern,101260.54,8,2.45,17380.45,62841.0,0.09,0
EC0031,Blantyre,Southern,67737.86,1,6.31,15443.9,24192.89,0.34,1
EC0032,Blantyre,Southern,126065.84,5,2.03,16891.2,47695.17,0.38,0
EC0033,Salima,Central,156152.46,6,6.28,8249.39,70051.81,0.33,0
EC0034,Rumphi,Northern,31492.28,5,3.88,2518.01,18038.24,0.16,1
EC0035,Thyolo,Southern,24775.74,8,6.71,13891.01,8990.85,0.29,1
EC0036,Salima,Central,137537.19,7,5.42,19758.12,80363.61,0.32,1
EC0037,Mzimba,Northern,85025.0,3,5.71,14196.05,37709.84,0.14,1
EC0038,Zomba,Southern,143154.75,5,6.29,11812.13,96061.36,0.39,1
EC0039,Kasungu,Central,168412.47,4,5.29,6993.99,80706.81,0.22,0
EC0040,Mzimba,Northern,46380.27,6,3.6,0.0,25487.69,0.04,1
EC0041,Dedza,Central,48895.38,14,3.23,18349.19,32104.82,0.34,1
EC0042,Lilongwe,Central,35085.38,7,5.04,1117.41,23665.38,0.18,1
EC0043,Mzimba,Northern,80163.74,9,6.13,5651.49,43406.26,0.04,0
EC0044,Kasungu,Central,100823.99,6,1.88,829.76,42037.67,0.34,1
EC0045,Zomba,Southern,60802.8,4,5.74,15001.14,38450.5,0.55,0
EC0046,Rumphi,Northern,5788.22,7,1.92,17633.62,2492.5,0.22,0
EC0047,Thyolo,Southern,63718.57,1,5.93,8567.28,36480.57,0.12,1
EC0048,Thyolo,Southern,52379.49,1,8.04,12123.97,26663.31,0.23,0
EC0049,Mzimba,Northern,192524.95,5,7.66,2904.42,96561.92,0.34,0
EC0050,Mzuzu,Northern,78584.24,5,5.24,20506.19,42889.19,0.14,1
EC0051,Rumphi,Northern,127690.58,6,3.18,23809.49,71671.25,0.4,0
EC0052,Rumphi,Northern,61996.21,5,4.64,16221.3,39647.8,0.18,0
EC0053,Rumphi,Northern,29861.41,7,7.99,13016.51,10630.23,0.17,1
EC0054,Salima,Central,63619.17,5,6.67,9315.97,42865.54,0.25,0
EC0055,Karonga,Northern,77209.56,5,6.81,8444.82,37817.81,0.15,1
EC0056,Zomba,Southern,50844.81,2,3.31,2143.02,26890.57,0.3,0
EC0057,Thyolo,Southern,134993.21,4,4.69,11167.58,54726.48,0.32,1
EC0058,Thyolo,Southern,83240.03,8,4.71,14746.84,31333.58,0.19,0
EC0059,Blantyre,Southern,122092.35,7,4.98,20760.62,82698.94,0.35,0
EC0060,Mzimba,Northern,18881.96,6,5.49,21680.29,12770.68,0.53,0
EC0061,Blantyre,Southern,118990.93,4,5.48,25074.69,49524.48,0.15,1
EC0062,Mzuzu,Northern,124686.82,3,5.11,3155.03,69443.94,0.07,0
EC0063,Karonga,Northern,92644.15,10,2.6,11656.16,36629.47,0.28,1
EC0064,Thyolo,Southern,145934.87,6,8.17,7334.89,53417.89,0.35,1
EC0065,Thyolo,Southern,153371.88,10,6.16,11618.39,57438.17,0.0,0
EC0066,Lilongwe,Central,47841.08,7,4.94,10931.42,23364.36,0.16,0
EC0067,Karonga,Northern,107256.87,6,4.34,22795.17,73950.94,0.22,0
EC0068,Thyolo,Southern,71302.51,9,1.6,17057.8,43301.19,0.45,0
EC0069,Rumphi,Northern,50690.61,7,7.98,16123.26,18341.9,0.22,1
EC0070,Rumphi,Northern,60077.72,3,5.05,30900.99,29312.03,0.37,1
EC0071,Kasungu,Central,84846.52,5,3.97,19480.49,33809.54,0.37,1
EC0072,Rumphi,Northern,66968.63,9,6.45,17525.06,34341.95,0.22,1
EC0073,Mzimba,Northern,85821.62,6,5.12,25891.45,40773.02,0.17,0
EC0074,Lilongwe,Central,59953.13,8,7.26,0.0,37600.72,0.18,1
EC0075,Salima,Central,135481.93,4,4.55,8752.28,66183.18,0.41,0
EC0076,Thyolo,Southern,117718.46,5,3.53,16406.26,53541.23,0.01,1
EC0077,Kasungu,Central,139159.53,5,7.47,5648.33,56127.1,0.31,0
EC0078,Lilongwe,Central,126767.97,4,5.19,7900.31,47662.44,0.4,0
EC0079,Salima,Central,73794.87,5,2.3,5565.03,36519.5,0.19,0
EC0080,Zomba,Southern,116814.64,1,4.7,20823.95,54186.61,0.21,1
EC0081,Thyolo,Southern,73564.72,5,4.1,19868.81,27026.04,0.15,0
EC0082,Rumphi,Northern,104445.85,4,2.38,4447.51,57871.42,0.2,1
EC0083,Zomba,Southern,20633.37,7,6.89,8524.73,8234.09,0.19,0
EC0084,Mzuzu,Northern,57632.54,6,7.02,26326.49,37068.73,0.0,0
EC0085,Mangochi,Southern,18323.41,7,7.12,12844.48,6655.48,0.24,1
EC0086,Thyolo,Southern,66269.0,5,6.28,0.0,31217.15,0.3,0
EC0087,Mzuzu,Northern,109993.48,11,5.91,10991.62,39252.03,0.17,0
EC0088,Dedza,Central,79736.69,7,3.87,0.0,32138.89,0.36,1
EC0089,Salima,Central,23441.73,7,4.9,11119.32,12433.29,0.38,0
EC0090,Kasungu,Central,128473.46,8,4.46,6979.76,87635.11,0.02,1
EC0091,Blantyre,Southern,88918.1,3,4.12,15177.17,46056.48,0.3,1
EC0092,Karonga,Northern,90559.71,6,4.18,13979.56,35459.03,0.37,0
EC0093,Karonga,Northern,82651.4,6,3.66,15266.66,39174.21,0.17,1
EC0094,Zomba,Southern,126203.58,14,8.27,19448.23,59456.97,0.42,0
EC0095,Kasungu,Central,151121.21,9,4.59,3571.58,91494.23,0.23,1
EC0096,Blantyre,Southern,33086.0,7,4.02,16344.12,15742.13,0.29,0
EC0097,Dedza,Central,80191.65,4,2.79,9456.06,45558.5,0.41,1
EC0098,Salima,Central,78420.84,8,6.53,26383.49,34465.51,0.08,0
EC0099,Mzuzu,Northern,108807.89,10,6.23,14723.16,57158.74,0.37,1
EC0100,Mangochi,Southern,151180.95,6,6.47,32295.09,79540.96,0.35,0
EC0101,Salima,Central,119029.08,14,5.33,27523.82,51661.62,0.18,1
EC0102,Kasungu,Central,106328.5,6,2.64,7727.62,40315.66,0.13,0
EC0103,Mzimba,Northern,69729.39,4,5.19,27454.63,24575.97,0.16,0
EC0104,Kasungu,Central,35566.76,10,6.41,14544.21,17791.53,0.36,0
EC0105,Lilongwe,Central,130996.51,6,1.58,4655.56,61043.07,0.09,1
EC0106,Zomba,Southern,63500.35,3,3.96,15788.95,36520.75,0.06,1
EC0107,Zomba,Southern,72528.2,8,5.66,5218.77,43579.85,0.28,1
EC0108,Mangochi,Southern,55458.75,7,6.15,7403.6,26780.76,0.39,0
EC0109,Mzimba,Northern,21771.68,5,6.33,21500.44,14068.33,0.19,1
EC0110,Kasungu,Central,95204.43,6,7.6,13922.64,39470.99,0.39,0
EC0111,Mzuzu,Northern,63582.36,6,7.27,10473.81,24966.59,0.32,0
EC0112,Kasungu,Central,74479.23,10,3.55,12452.52,47355.92,0.21,0
EC0113,Thyolo,Southern,105465.75,4,5.35,14303.87,53075.01,0.1,1
EC0114,Mzimba,Northern,74710.67,3,7.54,3775.22,49598.22,0.29,0
EC0115,Dedza,Central,126949.52,5,3.96,2267.15,74095.27,0.12,1
EC0116,Mzimba,Northern,63205.51,3,6.88,20992.62,25569.27,0.15,0
EC0117,Lilongwe,Central,54305.71,8,5.78,8463.14,22578.87,0.49,0
EC0118,Karonga,Northern,96341.22,8,7.97,11953.09,35320.65,0.27,0
EC0119,Karonga,Northern,29562.98,10,6.04,18765.08,16788.39,0.41,1
EC0120,Rumphi,Northern,89987.85,4,5.75,32896.68,46231.05,0.42,0
EC0121,Blantyre,Southern,34057.53,4,1.23,21866.61,17107.45,0.0,1
EC0122,Mzuzu,Northern,42875.88,10,3.77,12409.59,18625.42,0.0,0
EC0123,Mzuzu,Northern,155276.05,7,6.22,26215.39,93194.32,0.11,0
EC0124,Rumphi,Northern,70506.92,2,5.72,23049.06,25562.89,0.32,1
EC0125,Kasungu,Central,51766.43,4,6.9,8287.65,24315.58,0.32,0
EC0126,Kasungu,Central,94360.64,2,8.53,2133.97,55962.17,0.37,0
EC0127,Mangochi,Southern,71457.53,7,3.62,31651.12,35246.09,0.34,1
EC0128,Mzuzu,Northern,47339.35,2,3.95,0.0,22235.82,0.07,1
EC0129,Kasungu,Central,58031.14,4,4.76,11585.69,39351.14,0.1,0
EC0130,Salima,Central,37756.51,5,5.01,12619.88,15067.86,0.1,0
EC0131,Salima,Central,96675.49,9,4.62,536.52,47040.56,0.12,0
EC0132,Salima,Central,152947.27,6,4.71,23751.87,66910.05,0.11,0
EC0133,Salima,Central,64708.43,8,8.5,12321.24,42998.4,0.05,0
EC0134,Zomba,Southern,7620.93,13,5.61,3920.22,4166.78,0.27,0
EC0135,Salima,Central,91983.86,3,2.9,12394.64,34700.2,0.37,0
EC0136,Blantyre,Southern,162087.74,11,8.24,14226.08,106792.9,0.17,0
EC0137,Mzimba,Northern,5661.59,7,4.96,18989.21,2097.8,0.36,1
EC0138,Mzimba,Northern,93046.42,5,5.82,5842.2,33209.18,0.18,1
EC0139,Dedza,Central,64654.62,3,5.47,18177.05,22696.82,0.28,0
EC0140,Mzuzu,Northern,56341.34,7,8.61,0.0,24768.34,0.06,0
EC0141,Zomba,Southern,134169.42,6,1.0,17433.87,75472.02,0.45,0
EC0142,Thyolo,Southern,56024.05,7,5.22,13632.1,26665.11,0.05,0
EC0143,Zomba,Southern,96346.99,6,3.25,4055.6,48369.5,0.31,0
EC0144,Mangochi,Southern,33079.61,6,3.11,13950.44,16594.52,0.07,0
EC0145,Mzimba,Northern,33405.49,4,4.1,13004.15,21125.53,0.25,0
EC0146,Karonga,Northern,79523.52,6,5.65,21997.88,32192.58,0.28,1
EC0147,Kasungu,Central,106483.88,10,6.6,13889.6,73703.51,0.04,1
EC0148,Mzimba,Northern,105971.47,11,6.34,18591.19,56671.05,0.0,1
EC0149,Karonga,Northern,93781.45,6,4.85,2526.18,45293.13,0.12,1
EC0150,Mzimba,Northern,42847.15,6,8.08,4169.71,20062.03,0.28,0
EC0151,Dedza,Central,84715.91,7,5.36,8294.77,58433.3,0.32,0
EC0152,Mzimba,Northern,74324.74,2,8.09,12668.94,32858.4,0.08,0
EC0153,Dedza,Central,98001.35,6,3.07,17663.51,64756.28,0.32,0
EC0154,Blantyre,Southern,24195.8,3,6.05,12148.55,9251.25,0.27,0
EC0155,Kasungu,Central,97863.72,8,3.95,12365.87,44518.11,0.27,1
EC0156,Mzimba,Northern,66491.23,3,2.48,11761.93,30653.5,0.46,0
EC0157,Mangochi,Southern,161985.76,5,4.67,19331.5,100411.37,0.5,0
EC0158,Blantyre,Southern,5905.74,7,6.74,7188.67,2228.82,0.27,1
EC0159,Blantyre,Southern,124557.21,5,2.87,30709.57,44013.01,0.2,0
EC0160,Mangochi,Southern,24346.63,4,6.5,13642.03,11636.91,0.3,0
EC0161,Rumphi,Northern,80594.83,1,5.85,24817.66,34961.79,0.23,0
EC0162,Salima,Central,156078.56,4,2.62,34370.24,95841.91,0.33,0
EC0163,Thyolo,Southern,85300.07,7,1.53,32068.82,53844.89,0.38,0
EC0164,Karonga,Northern,54917.33,7,4.37,14218.44,35827.37,0.23,1
EC0165,Dedza,Central,52697.8,5,6.05,9945.22,30993.86,0.41,0
EC0166,Salima,Central,135660.57,6,6.48,12080.14,65811.79,0.28,1
EC0167,Rumphi,Northern,92098.29,6,8.08,11741.41,48450.05,0.28,0
EC0168,Dedza,Central,39756.14,4,5.19,2660.01,23564.7,0.1,0
EC0169,Karonga,Northern,115584.52,2,3.8,8321.96,63347.93,0.24,0
EC0170,Mangochi,Southern,114552.89,8,5.12,17438.7,51702.98,0.2,0
EC0171,Dedza,Central,7746.57,11,3.98,20462.94,4915.23,0.17,0
EC0172,Zomba,Southern,78978.84,8,3.17,11863.78,45375.21,0.13,1
EC0173,Kasungu,Central,52806.75,9,3.18,26442.02,26542.34,0.18,0
EC0174,Dedza,Central,95786.98,6,1.73,10660.94,56205.0,0.18,0
EC0175,Thyolo,Southern,154599.63,6,6.04,25654.39,103628.77,0.36,1
EC0176,Blantyre,Southern,52206.27,3,4.72,24277.06,20614.02,0.38,0
EC0177,Lilongwe,Central,90668.47,9,3.26,12949.5,54999.22,0.16,0
EC0178,Mzuzu,Northern,98924.45,10,6.4,9671.47,48926.4,0.13,0
EC0179,Lilongwe,Central,128738.82,4,5.18,19668.55,81503.91,0.28,1
EC0180,Mzimba,Northern,119626.88,7,7.63,15403.9,68606.34,0.04,1
EC0181,Kasungu,Central,101588.26,1,4.24,12856.53,52129.65,0.06,1
EC0182,Lilongwe,Central,23696.94,8,5.94,13136.69,8883.4,0.2,1
EC0183,Zomba,Southern,87434.84,5,8.53,6153.97,46253.51,0.0,0
EC0184,Mzuzu,Northern,111886.8,8,4.61,33007.36,59725.63,0.29,1
EC0185,Dedza,Central,54479.3,4,2.98,4889.38,25259.51,0.35,1
EC0186,Thyolo,Southern,43399.26,7,7.57,18765.68,28309.55,0.34,1
EC0187,Mzuzu,Northern,103234.19,10,7.1,4743.16,51349.55,0.12,1
EC0188,Mangochi,Southern,38105.12,3,5.03,31745.78,21829.11,0.09,1
EC0189,Dedza,Central,27943.78,6,7.59,7484.0,17205.87,0.28,1
EC0190,Lilongwe,Central,99529.42,8,7.24,10143.69,42755.86,0.14,0
EC0191,Karonga,Northern,64672.39,8,3.37,8051.04,39728.03,0.16,1
EC0192,Karonga,Northern,104886.24,8,4.51,25916.4,63434.58,0.57,0
EC0193,Mzimba,Northern,156209.75,8,4.04,7053.69,70058.43,0.18,0
EC0194,Dedza,Central,138232.06,6,5.51,14166.72,85060.09,0.3,1
EC0195,Lilongwe,Central,102231.18,1,4.35,6105.11,71356.89,0.04,0
EC0196,Mzuzu,Northern,178278.49,5,3.62,18167.81,120952.73,0.0,1
EC0197,Rumphi,Northern,57427.64,6,6.93,7642.23,32647.64,0.23,1
EC0198,Mangochi,Southern,98302.07,9,3.92,15876.55,52604.48,0.14,1
EC0199,Blantyre,Southern,85899.41,8,2.51,32116.8,52595.65,0.38,1
EC0200,Blantyre,Southern,126883.45,6,6.16,16081.41,70520.1,0.16,0
EC0201,Mzimba,Northern,86556.17,8,1.72,23624.76,35192.38,0.14,0
EC0202,Mzuzu,Northern,78708.83,5,4.43,12821.03,52809.76,0.21,0
EC0203,Thyolo,Southern,63498.62,4,5.65,30103.77,31881.98,0.22,1
EC0204,Thyolo,Southern,112699.05,6,4.81,4090.68,72254.54,0.36,1
EC0205,Mzimba,Northern,143230.65,6,7.48,22056.4,87265.98,0.34,0
EC0206,Lilongwe,Central,63393.11,4,4.62,20733.1,27972.93,0.39,1
EC0207,Thyolo,Southern,27225.78,10,4.88,13279.57,12182.82,0.29,0
EC0208,Kasungu,Central,123153.7,7,2.5,15504.55,75831.34,0.24,1
EC0209,Salima,Central,113690.69,7,5.61,18456.69,64704.26,0.44,0
EC0210,Salima,Central,100028.72,9,5.71,2699.75,39860.25,0.24,0
EC0211,Thyolo,Southern,137528.36,9,8.6,27426.44,54929.5,0.12,1
EC0212,Blantyre,Southern,47604.9,10,5.59,19335.53,28317.15,0.36,0
EC0213,Blantyre,Southern,140396.99,4,3.59,7348.3,75439.0,0.32,1
EC0214,Rumphi,Northern,105660.83,7,6.45,12096.6,62336.87,0.02,1
EC0215,Thyolo,Southern,55521.48,6,8.25,15530.08,37141.77,0.21,0
EC0216,Dedza,Central,161067.03,8,4.27,15454.07,64399.36,0.19,1
EC0217,Kasungu,Central,64834.14,9,6.49,26627.69,23708.54,0.26,1
EC0218,Kasungu,Central,115286.28,7,3.44,15085.85,69011.57,0.28,0
EC0219,Blantyre,Southern,104852.07,7,3.3,6016.37,39082.47,0.46,0
EC0220,Salima,Central,72027.01,7,4.1,0.0,39230.27,0.3,1
EC0221,Thyolo,Southern,108027.13,3,5.09,8235.72,44493.44,0.4,1
EC0222,Kasungu,Central,87156.08,5,3.8,13642.83,32817.32,0.22,1
EC0223,Zomba,Southern,125507.12,17,6.2,19721.01,59306.03,0.39,0
EC0224,Rumphi,Northern,51025.71,6,11.0,12651.55,18054.52,0.18,1
EC0225,Mzimba,Northern,79851.02,13,8.55,22112.23,49996.29,0.08,0
EC0226,Zomba,Southern,68387.99,4,4.42,20079.98,36398.45,0.25,0
EC0227,Zomba,Southern,42382.6,4,3.33,19044.63,18206.44,0.42,0
EC0228,Dedza,Central,55634.57,4,5.66,12885.54,34537.81,0.23,0
EC0229,Blantyre,Southern,153778.82,3,2.76,8328.84,66419.8,0.3,1
EC0230,Zomba,Southern,138727.01,7,5.57,4806.59,80243.87,0.06,1
EC0231,Dedza,Central,8157.93,9,6.91,4193.28,3988.91,0.09,1
EC0232,Salima,Central,130156.27,9,3.7,8169.28,69467.1,0.15,0
EC0233,Mangochi,Southern,82247.86,5,3.59,13882.63,56753.93,0.32,0
EC0234,Blantyre,Southern,63559.53,5,8.55,18680.78,29514.49,0.4,1
EC0235,Mzimba,Northern,73754.61,5,1.86,14475.72,33985.4,0.28,0
EC0236,Mzimba,Northern,95554.43,7,4.27,17414.29,63758.97,0.29,0
EC0237,Salima,Central,174738.03,3,6.06,8154.54,105164.42,0.06,1
EC0238,Mzimba,Northern,100218.7,4,6.75,13038.03,63580.65,0.0,1
EC0239,Blantyre,Southern,79912.56,2,5.2,16265.19,30934.12,0.35,0
EC0240,Karonga,Northern,34925.42,4,5.9,8543.41,16467.9,0.0,1
EC0241,Salima,Central,135899.39,3,2.37,25522.07,55967.3,0.13,1
EC0242,Mangochi,Southern,76373.76,5,9.06,9409.71,38346.89,0.36,0
EC0243,Karonga,Northern,58172.13,3,7.1,15725.35,21276.59,0.48,0
EC0244,Mangochi,Southern,95384.83,5,4.91,17993.59,41446.4,0.28,0
EC0245,Karonga,Northern,112131.43,3,7.87,24017.5,75955.42,0.32,1
EC0246,Dedza,Central,101970.57,6,3.6,15867.22,58784.99,0.27,0
EC0247,Mangochi,Southern,163753.59,6,3.13,12252.02,61219.5,0.07,0
EC0248,Rumphi,Northern,129180.47,8,2.08,0.0,69058.01,0.28,0
EC0249,Thyolo,Southern,98338.64,3,5.69,10610.9,51631.06,0.18,1
EC0250,Mzimba,Northern,5000.0,4,5.84,0.0,2798.45,0.27,0
EC0251,Karonga,Northern,101859.92,7,4.73,9808.08,50919.89,0.21,0
EC0252,Mangochi,Southern,42043.58,11,4.57,25170.02,21112.92,0.25,0
EC0253,Zomba,Southern,79542.74,6,6.67,11234.38,29946.38,0.39,0
EC0254,Zomba,Southern,127183.49,7,3.1,15407.77,87513.73,0.11,1
EC0255,Thyolo,Southern,124757.46,8,9.17,12691.47,85806.56,0.27,0
EC0256,Thyolo,Southern,126469.83,9,2.91,5240.81,60196.79,0.12,0
EC0257,Thyolo,Southern,57515.05,8,6.05,32684.84,21967.58,0.09,0
EC0258,Lilongwe,Central,29391.41,5,3.89,18714.28,18080.62,0.4,0
EC0259,Mzimba,Northern,93051.15,4,9.12,4671.07,46645.48,0.16,0
EC0260,Mzimba,Northern,5000.0,5,6.01,14469.07,2501.02,0.37,0
EC0261,Salima,Central,71727.09,8,3.35,24621.09,41605.31,0.16,0
EC0262,Rumphi,Northern,114354.19,4,7.38,10598.58,62886.44,0.21,0
EC0263,Mangochi,Southern,132373.76,9,9.66,11381.31,67107.68,0.15,1
EC0264,Rumphi,Northern,106395.56,5,4.43,27901.79,54926.51,0.39,1
EC0265,Mangochi,Southern,61780.08,10,3.85,17357.18,25454.43,0.41,0
EC0266,Dedza,Central,55413.41,9,7.87,16670.69,21436.21,0.15,0
EC0267,Kasungu,Central,23564.85,7,4.19,0.0,8873.96,0.23,0
EC0268,Zomba,Southern,102936.73,8,2.49,14813.87,46403.96,0.32,1
EC0269,Mzuzu,Northern,105737.38,5,5.18,3584.47,69770.13,0.17,1
EC0270,Kasungu,Central,154151.86,2,1.0,8755.23,54824.89,0.11,0
EC0271,Rumphi,Northern,99845.88,6,5.93,11694.85,62011.67,0.03,0
EC0272,Salima,Central,119114.69,4,3.75,25198.15,56006.53,0.36,1
EC0273,Karonga,Northern,38985.38,4,9.77,14004.52,14615.79,0.0,1
EC0274,Blantyre,Southern,29987.94,9,3.4,0.0,16017.68,0.31,0
EC0275,Salima,Central,98151.85,5,5.28,26082.74,52052.14,0.16,1
EC0276,Kasungu,Central,102756.18,8,6.53,21891.29,38515.15,0.38,1
EC0277,Karonga,Northern,112627.19,9,3.11,0.0,67951.38,0.53,1
EC0278,Lilongwe,Central,162546.52,8,7.55,22455.75,83737.45,0.29,0
EC0279,Mangochi,Southern,110622.83,7,3.59,8697.95,45167.08,0.19,1
EC0280,Lilongwe,Central,123505.29,6,7.66,18456.86,62538.17,0.42,1
EC0281,Thyolo,Southern,81682.29,8,5.54,11079.33,37051.35,0.23,0
EC0282,Mzimba,Northern,130005.36,4,5.49,9927.68,86478.13,0.0,0
EC0283,Dedza,Central,47817.01,9,7.63,3197.49,22945.83,0.46,1
EC0284,Mangochi,Southern,97528.4,8,3.93,5571.16,51171.39,0.3,0
EC0285,Kasungu,Central,81817.48,8,4.02,13907.09,41925.84,0.13,1
EC0286,Dedza,Central,64172.56,10,7.22,1938.36,25909.48,0.17,0
EC0287,Mzuzu,Northern,5000.0,6,3.96,11156.39,1756.45,0.29,0
EC0288,Kasungu,Central,131418.86,6,8.8,17773.12,58477.35,0.37,0
EC0289,Thyolo,Southern,51579.98,5,8.0,19202.01,33404.54,0.47,1
EC0290,Mzuzu,Northern,55125.74,12,3.25,19298.12,34675.73,0.29,0
EC0291,Mzuzu,Northern,29945.22,5,6.46,12649.29,19533.19,0.3,1
EC0292,Mzimba,Northern,107356.58,3,4.31,5235.06,68710.26,0.39,0
EC0293,Mangochi,Southern,102704.11,10,6.38,9620.68,71695.91,0.28,0
EC0294,Thyolo,Southern,106495.37,7,4.39,12988.92,69348.81,0.22,0
EC0295,Zomba,Southern,71798.83,4,7.55,14860.59,36417.63,0.36,0
EC0296,Dedza,Central,5000.0,11,5.89,17283.77,2872.6,0.27,0
EC0297,Salima,Central,97415.25,5,6.77,1112.16,53451.04,0.16,0
EC0298,Blantyre,Southern,104367.55,9,6.27,801.87,70836.85,0.32,1
EC0299,Mzuzu,Northern,25795.18,11,7.45,14679.6,17370.26,0.13,1
EC0300,Zomba,Southern,85280.78,6,2.73,20472.31,39604.95,0.22,0
EC0301,Dedza,Central,132171.53,9,3.82,357.28,65584.54,0.33,0
EC0302,Mzimba,Northern,14306.02,7,5.13,10998.01,6945.89,0.06,1
EC0303,Zomba,Southern,88262.13,7,3.96,21864.28,52538.36,0.44,0
EC0304,Rumphi,Northern,72923.65,2,6.19,17041.33,49938.2,0.2,0
EC0305,Thyolo,Southern,113739.34,3,7.14,11062.08,75217.97,0.25,1
EC0306,Mangochi,Southern,137018.66,6,1.33,18462.75,59593.36,0.11,1
EC0307,Salima,Central,56756.75,9,9.1,18492.03,31263.94,0.0,1
EC0308,Zomba,Southern,106253.99,10,9.78,16401.82,60518.47,0.0,1
EC0309,Rumphi,Northern,58735.65,8,5.24,17371.23,21887.58,0.31,0
EC0310,Lilongwe,Central,83250.19,8,1.42,16731.2,39647.31,0.11,1
EC0311,Karonga,Northern,81304.19,7,6.88,2984.84,46899.84,0.3,0
EC0312,Rumphi,Northern,81200.08,8,5.1,18585.94,55943.78,0.57,1
EC0313,Dedza,Central,131773.65,6,4.54,21047.14,72892.43,0.44,0
EC0314,Karonga,Northern,82488.76,8,5.76,10207.33,44574.32,0.03,0
EC0315,Salima,Central,55656.0,11,9.14,7423.59,34924.98,0.32,0
EC0316,Mangochi,Southern,78439.29,2,1.13,7435.54,53024.14,0.34,0
EC0317,Salima,Central,84144.7,3,6.53,18474.58,39923.13,0.27,0
EC0318,Lilongwe,Central,140373.32,10,8.0,17630.99,89283.36,0.49,1
EC0319,Dedza,Central,116085.66,8,4.32,13144.33,48934.66,0.0,0
EC0320,Kasungu,Central,90276.23,5,5.31,17870.17,37168.57,0.1,0
EC0321,Lilongwe,Central,14989.13,4,1.15,6219.61,9520.07,0.29,0
EC0322,Blantyre,Southern,109098.75,6,5.59,17931.52,70295.26,0.32,1
EC0323,Mzuzu,Northern,33125.97,7,7.31,24772.11,15683.65,0.0,0
EC0324,Thyolo,Southern,105478.55,9,7.88,10438.73,59254.27,0.1,0
EC0325,Mzimba,Northern,109518.17,8,3.82,11779.56,45488.9,0.38,0
EC0326,Kasungu,Central,119246.88,5,5.33,0.0,54202.45,0.07,0
EC0327,Mzimba,Northern,187818.71,4,7.71,15719.36,96568.39,0.39,1
EC0328,Kasungu,Central,58703.49,3,4.93,10331.62,26470.53,0.27,1
EC0329,Thyolo,Southern,97628.07,7,5.66,21375.54,40234.94,0.49,1
EC0330,Blantyre,Southern,91516.91,4,5.9,4816.24,57667.86,0.16,0
EC0331,Zomba,Southern,72232.47,6,5.54,0.0,37924.76,0.38,1
EC0332,Mangochi,Southern,85349.79,4,8.9,3789.25,34412.19,0.2,0
EC0333,Thyolo,Southern,103002.87,6,6.16,17154.09,64883.85,0.15,0
EC0334,Mzimba,Northern,49093.43,4,2.43,21228.15,17847.38,0.25,0
EC0335,Blantyre,Southern,83960.76,7,2.33,4832.83,55167.97,0.33,0
EC0336,Mzimba,Northern,77294.73,4,2.21,8977.31,35533.1,0.2,0
EC0337,Mzuzu,Northern,9993.27,7,6.13,0.0,6399.82,0.14,0
EC0338,Dedza,Central,127354.24,6,5.71,24897.42,45790.48,0.33,1
EC0339,Thyolo,Southern,43061.0,3,5.15,22498.19,18807.18,0.33,1
EC0340,Thyolo,Southern,136931.11,6,1.91,19982.61,87775.73,0.14,1
EC0341,Salima,Central,143263.29,5,4.75,30766.95,95491.45,0.23,0
EC0342,Zomba,Southern,48562.05,2,4.62,4433.97,23133.23,0.22,1
EC0343,Kasungu,Central,50492.45,5,6.94,10542.29,34851.73,0.12,0
EC0344,Mzimba,Northern,59908.91,5,8.0,12107.75,27088.45,0.14,1
EC0345,Rumphi,Northern,103589.11,8,6.06,17052.6,71405.62,0.16,0
EC0346,Dedza,Central,87185.99,9,2.31,16175.51,42692.47,0.11,1
EC0347,Salima,Central,7771.18,5,8.21,17221.57,5327.77,0.1,1
EC0348,Thyolo,Southern,115942.35,3,9.33,16518.25,57280.2,0.41,1
EC0349,Rumphi,Northern,75404.83,2,4.59,22183.44,52193.58,0.0,1
EC0350,Karonga,Northern,147645.95,4,3.93,7126.11,70021.27,0.1,0
EC0351,Mzuzu,Northern,129808.83,6,5.19,24233.77,87523.04,0.18,0
EC0352,Mangochi,Southern,54596.94,10,6.13,14798.54,20306.41,0.23,0
EC0353,Thyolo,Southern,27367.46,3,3.45,15930.43,11168.78,0.13,0
EC0354,Mzimba,Northern,102144.75,5,3.15,26579.52,56321.56,0.35,0
EC0355,Blantyre,Southern,83118.4,9,3.84,0.0,44793.52,0.48,0
EC0356,Dedza,Central,86311.09,3,3.1,20310.49,43567.17,0.23,0
EC0357,Thyolo,Southern,95875.14,7,2.48,15845.02,61482.41,0.12,0
EC0358,Blantyre,Southern,133441.46,7,3.09,9852.21,82751.72,0.52,0
EC0359,Karonga,Northern,123509.17,9,4.77,23622.84,75450.7,0.0,0
EC0360,Zomba,Southern,36839.17,2,8.06,22793.36,23244.94,0.14,0
EC0361,Dedza,Central,76092.4,5,3.65,14358.0,29748.58,0.33,0
EC0362,Mangochi,Southern,26765.89,7,7.77,9634.0,13645.81,0.28,0
EC0363,Rumphi,Northern,88551.2,3,5.11,17224.1,44871.3,0.23,1
EC0364,Mzimba,Northern,27986.67,4,5.81,19943.61,17852.63,0.02,1
EC0365,Blantyre,Southern,45671.83,8,4.9,11351.1,29784.5,0.01,0
EC0366,Kasungu,Central,30526.18,6,3.39,23321.11,19826.7,0.12,1
EC0367,Thyolo,Southern,68332.57,4,6.14,30736.47,36558.04,0.2,1
EC0368,Mangochi,Southern,128598.55,8,4.52,11669.62,55917.59,0.24,1
EC0369,Thyolo,Southern,111903.51,6,7.1,7337.95,68518.38,0.3,0
EC0370,Mzuzu,Northern,141451.7,6,1.0,28460.49,66379.02,0.19,0
EC0371,Karonga,Northern,63851.38,8,5.09,24073.07,37719.48,0.32,1
EC0372,Kasungu,Central,92104.64,5,1.58,9260.37,43006.36,0.24,1
EC0373,Kasungu,Central,144455.54,8,3.11,3158.29,71937.06,0.11,0
EC0374,Thyolo,Southern,102853.93,4,4.88,10514.78,43087.77,0.0,0
EC0375,Salima,Central,61224.19,8,4.64,10389.85,23745.55,0.48,0
EC0376,Mzimba,Northern,109506.23,6,6.62,16289.6,63011.55,0.16,0
EC0377,Kasungu,Central,28702.29,1,6.69,8014.9,17478.49,0.2,0
EC0378,Mzuzu,Northern,164138.56,2,8.32,16931.35,87198.81,0.0,0
EC0379,Rumphi,Northern,105804.13,10,3.94,15242.85,43263.74,0.2,1
EC0380,Dedza,Central,121121.88,4,6.84,10961.1,43088.99,0.3,0
EC0381,Kasungu,Central,18084.09,7,2.76,17229.3,12268.37,0.06,0
EC0382,Dedza,Central,87399.52,4,5.72,11225.94,43992.56,0.47,1
EC0383,Zomba,Southern,66905.85,5,5.21,2433.83,30765.92,0.3,0
EC0384,Dedza,Central,75507.25,5,3.94,21560.22,47016.96,0.18,1
EC0385,Zomba,Southern,12222.68,3,3.13,12837.59,5531.15,0.35,1
EC0386,Dedza,Central,126723.31,4,4.8,12984.18,84592.89,0.21,0
EC0387,Karonga,Northern,80116.44,4,4.57,29175.12,44746.24,0.06,0
EC0388,Salima,Central,132796.09,4,5.69,17696.55,63401.95,0.16,0
EC0389,Blantyre,Southern,94768.31,7,5.19,13251.97,64027.14,0.22,0
EC0390,Thyolo,Southern,70803.65,4,5.3,16368.35,44028.35,0.1,0
EC0391,Thyolo,Southern,98476.49,5,6.77,26558.08,37097.46,0.19,0
EC0392,Mzuzu,Northern,73083.77,8,4.41,12884.43,35267.74,0.17,1
EC0393,Salima,Central,100500.99,11,6.54,18578.1,53955.45,0.35,1
EC0394,Zomba,Southern,95509.33,6,4.76,5218.96,62811.12,0.32,0
EC0395,Rumphi,Northern,77510.56,4,5.92,23065.13,39793.94,0.24,0
EC0396,Kasungu,Central,79544.69,6,4.23,17125.45,45747.91,0.15,0
EC0397,Dedza,Central,90072.72,1,7.4,0.0,48212.53,0.33,0
EC0398,Salima,Central,22105.33,5,5.69,26126.31,10883.52,0.27,0
EC0399,Blantyre,Southern,88249.06,2,5.98,7324.63,47337.44,0.37,0
EC0400,Thyolo,Southern,96959.9,4,7.38,6096.89,41015.91,0.31,1
EC0401,Karonga,Northern,172743.17,6,8.17,31000.34,77081.19,0.4,0
EC0402,Karonga,Northern,52081.35,8,6.7,0.0,28026.26,0.22,1
EC0403,Zomba,Southern,38473.07,12,4.77,34219.57,23838.35,0.08,1
EC0404,Mzuzu,Northern,11136.92,2,4.86,7623.32,7786.51,0.64,0
EC0405,Blantyre,Southern,83287.11,6,2.48,10491.5,58082.91,0.13,1
EC0406,Lilongwe,Central,68281.3,10,5.09,1872.84,27708.77,0.06,1
EC0407,Blantyre,Southern,41441.44,15,5.94,12626.81,15234.21,0.01,0
EC0408,Mzimba,Northern,134899.21,5,6.53,19120.15,89992.87,0.1,1
EC0409,Thyolo,Southern,72427.75,1,3.69,360.57,32491.49,0.16,1
EC0410,Blantyre,Southern,5000.0,5,7.49,25193.67,2943.26,0.07,1
EC0411,Karonga,Northern,81565.55,6,6.85,10274.57,36320.89,0.17,1
EC0412,Dedza,Central,101070.92,10,6.24,29845.14,62262.89,0.37,0
EC0413,Kasungu,Central,66302.0,3,6.01,9711.1,38190.31,0.1,1
EC0414,Lilongwe,Central,56046.62,4,5.64,9286.0,30736.76,0.22,0
EC0415,Lilongwe,Central,72952.51,2,6.95,12982.57,30668.77,0.25,0
EC0416,Mzuzu,Northern,98556.61,9,7.62,13888.56,52748.2,0.24,0
EC0417,Mzimba,Northern,5000.0,8,1.0,23398.18,2229.79,0.12,0
EC0418,Karonga,Northern,74721.56,6,6.38,25150.97,37092.4,0.04,0
EC0419,Kasungu,Central,77199.32,7,5.79,8423.8,52807.15,0.19,0
EC0420,Rumphi,Northern,86563.41,4,7.55,4919.79,45392.6,0.37,0
EC0421,Rumphi,Northern,110465.43,5,1.92,8407.78,47973.75,0.48,0
EC0422,Mangochi,Southern,104099.46,8,3.9,8584.15,63770.35,0.13,1
EC0423,Dedza,Central,34290.45,7,3.93,7317.43,16963.01,0.22,0
EC0424,Zomba,Southern,77502.78,5,5.0,28381.12,52740.8,0.23,0
EC0425,Mzuzu,Northern,105491.69,9,4.02,1766.66,69727.34,0.18,0
EC0426,Thyolo,Southern,57205.99,6,1.63,15727.13,20425.7,0.2,0
EC0427,Lilongwe,Central,77071.7,7,6.76,14357.74,31519.3,0.15,0
EC0428,Karonga,Northern,46185.47,5,4.95,6953.07,22416.22,0.39,0
EC0429,Rumphi,Northern,150036.5,5,3.1,8336.54,96243.14,0.22,0
EC0430,Mzuzu,Northern,13026.53,13,1.93,7158.82,8915.53,0.32,0
EC0431,Mzimba,Northern,43327.32,6,8.97,18130.63,19452.91,0.26,0
EC0432,Kasungu,Central,41461.93,7,5.73,7327.57,17164.03,0.1,1
EC0433,Karonga,Northern,74860.61,8,1.79,0.0,33908.23,0.27,0
EC0434,Dedza,Central,114356.15,2,3.41,27700.62,45908.29,0.17,0
EC0435,Kasungu,Central,59765.14,6,9.39,14672.61,25439.91,0.22,0
EC0436,Kasungu,Central,24970.84,10,6.62,25710.73,14389.69,0.09,1
EC0437,Thyolo,Southern,24530.97,3,6.19,10463.56,13465.13,0.36,0
EC0438,Blantyre,Southern,91459.66,9,3.48,7248.51,50728.73,0.0,1
EC0439,Blantyre,Southern,147662.48,3,5.84,17914.58,72161.08,0.3,0
EC0440,Rumphi,Northern,13443.88,10,6.26,14319.03,9307.62,0.12,1
EC0441,Zomba,Southern,80860.33,6,8.19,5242.12,49675.89,0.2,0
EC0442,Rumphi,Northern,37228.55,11,2.1,8157.54,23233.46,0.35,0
EC0443,Karonga,Northern,103130.82,7,5.5,15862.29,61417.64,0.13,0
EC0444,Mzuzu,Northern,18522.67,4,2.26,22248.01,11137.27,0.23,1
EC0445,Mzimba,Northern,163457.63,7,5.98,18847.2,83068.37,0.34,1
EC0446,Lilongwe,Central,98786.18,6,5.3,3146.18,52899.86,0.28,1
EC0447,Lilongwe,Central,105031.49,9,1.52,10120.08,41519.01,0.27,0
EC0448,Mangochi,Southern,94288.25,3,4.27,12952.26,58159.27,0.2,1
EC0449,Lilongwe,Central,76848.63,8,2.88,13671.31,42710.89,0.42,0
EC0450,Blantyre,Southern,177301.13,10,3.04,17678.99,64726.48,0.46,0
EC0451,Lilongwe,Central,85364.25,6,3.19,10523.23,35209.93,0.19,1
EC0452,Mzuzu,Northern,88707.04,7,10.48,22580.38,57858.44,0.32,0
EC0453,Salima,Central,116302.4,10,6.49,14046.43,43884.94,0.41,0
EC0454,Dedza,Central,83586.59,8,1.95,19269.04,35785.06,0.34,1
EC0455,Thyolo,Southern,53490.49,4,6.51,22967.86,22659.59,0.25,0
EC0456,Blantyre,Southern,124073.39,10,5.46,7211.58,57361.62,0.13,0
EC0457,Blantyre,Southern,70136.04,10,6.85,2588.05,27366.65,0.37,1
EC0458,Mangochi,Southern,108523.14,10,4.07,12412.94,75960.21,0.0,0
EC0459,Mzuzu,Northern,135569.14,7,4.15,12983.32,84457.09,0.4,0
EC0460,Salima,Central,104801.43,7,4.75,20783.92,48210.54,0.23,1
EC0461,Thyolo,Southern,88747.21,8,6.49,15411.19,61245.89,0.04,1
EC0462,Rumphi,Northern,52742.73,6,6.26,11014.87,36430.28,0.23,0
EC0463,Thyolo,Southern,99298.63,9,6.4,0.0,42407.88,0.33,0
EC0464,Salima,Central,85408.69,3,1.16,15342.43,41753.46,0.56,0
EC0465,Lilongwe,Central,95735.27,9,5.27,18169.69,35674.57,0.14,1
EC0466,Lilongwe,Central,41216.67,6,1.0,7107.83,22297.47,0.12,0
EC0467,Thyolo,Southern,99345.05,6,2.85,7868.24,35325.23,0.08,0
EC0468,Blantyre,Southern,94608.99,7,6.95,11573.99,47513.76,0.14,0
EC0469,Rumphi,Northern,47814.23,7,7.07,23346.11,30208.52,0.28,1
EC0470,Karonga,Northern,55229.84,3,4.44,20625.86,29422.45,0.19,1
EC0471,Mangochi,Southern,48182.08,8,5.03,11576.15,21072.47,0.38,0
EC0472,Lilongwe,Central,58417.19,4,3.97,29279.66,27428.25,0.13,1
EC0473,Salima,Central,7278.72,5,4.13,16758.27,3587.22,0.05,1
EC0474,Dedza,Central,39650.76,7,2.72,12338.68,18019.89,0.25,0
EC0475,Salima,Central,28735.19,6,7.68,24291.62,14221.62,0.14,0
EC0476,Blantyre,Southern,62660.88,5,2.83,11385.49,35841.23,0.45,0
EC0477,Kasungu,Central,13212.17,4,4.53,9951.07,8715.14,0.32,0
EC0478,Salima,Central,88810.58,12,5.31,28060.82,36945.12,0.26,0
EC0479,Mangochi,Southern,105105.29,7,4.77,5735.22,37701.08,0.1,1
EC0480,Mangochi,Southern,127746.08,8,4.27,5975.86,44850.11,0.18,0
EC0481,Karonga,Northern,78464.43,4,5.31,14935.49,47896.24,0.25,1
EC0482,Salima,Central,100687.91,6,1.88,3326.86,45768.73,0.1,1
EC0483,Mzuzu,Northern,124156.54,6,3.55,11519.29,59836.09,0.19,0
EC0484,Karonga,Northern,111364.03,8,1.07,0.0,74331.85,0.23,1
EC0485,Mangochi,Southern,24495.27,9,5.16,13639.95,14303.78,0.24,0
EC0486,Dedza,Central,38535.35,11,6.99,13289.36,22046.78,0.26,1
EC0487,Salima,Central,43964.33,6,4.55,2883.61,15611.53,0.15,1
EC0488,Thyolo,Southern,64329.84,8,4.26,10616.88,23077.91,0.18,1
EC0489,Lilongwe,Central,53436.18,6,3.79,10032.15,31327.54,0.09,0
EC0490,Kasungu,Central,113893.78,12,5.72,33289.49,55738.56,0.46,1
EC0491,Thyolo,Southern,61571.19,4,6.38,9578.97,36523.91,0.23,0
EC0492,Zomba,Southern,66848.7,7,7.76,18785.49,37097.9,0.3,0
EC0493,Mzuzu,Northern,25859.5,1,7.09,27785.75,14666.35,0.09,1
EC0494,Mangochi,Southern,110273.95,7,7.51,19857.35,65131.2,0.21,0
EC0495,Salima,Central,85577.04,4,3.06,31089.48,36675.15,0.42,0
EC0496,Karonga,Northern,122705.03,4,4.35,4637.15,68535.8,0.23,1
EC0497,Kasungu,Central,90069.46,5,8.58,15539.85,62119.29,0.23,1
EC0498,Dedza,Central,69681.12,5,7.67,21870.33,37645.94,0.31,0
EC0499,Rumphi,Northern,78753.47,8,3.15,13030.29,50676.33,0.31,0
EC0500,Salima,Central,91996.46,7,6.02,10143.21,32688.62,0.05,0
EC0501,Mangochi,Southern,51802.91,6,10.7,10149.37,24342.28,0.23,0
EC0502,Karonga,Northern,121496.56,5,3.49,25336.37,56105.4,0.07,1
EC0503,Zomba,Southern,72200.79,5,7.42,18128.04,25379.27,0.22,1
EC0504,Blantyre,Southern,64316.52,9,6.96,13942.12,37166.42,0.36,0
EC0505,Rumphi,Northern,40343.21,5,7.76,12684.25,17636.93,0.11,0
EC0506,Salima,Central,97619.44,10,4.17,6748.01,42568.91,0.22,1
EC0507,Dedza,Central,113223.3,4,3.7,29183.69,48210.04,0.27,0
EC0508,Mzuzu,Northern,101880.49,8,2.59,18154.74,47479.98,0.26,1
EC0509,Mzimba,Northern,56595.55,3,4.73,7345.49,34130.77,0.28,0
EC0510,Karonga,Northern,116301.88,7,6.5,20013.43,65566.76,0.39,0
EC0511,Lilongwe,Central,126399.88,10,6.64,0.0,51043.91,0.0,0
EC0512,Mzuzu,Northern,72252.07,14,6.42,10394.45,31900.07,0.59,1
EC0513,Thyolo,Southern,161722.67,1,7.49,19884.05,57714.51,0.45,0
EC0514,Mzuzu,Northern,111741.95,7,2.91,22540.82,57457.12,0.35,0
EC0515,Mangochi,Southern,122799.96,3,2.46,2771.39,80328.35,0.0,0
EC0516,Kasungu,Central,104430.78,3,5.81,7983.51,59869.91,0.35,0
EC0517,Mangochi,Southern,5000.0,5,5.34,13234.7,2251.16,0.3,1
EC0518,Mangochi,Southern,92766.56,5,3.62,16719.28,53562.65,0.2,1
EC0519,Blantyre,Southern,56110.4,4,5.05,23043.73,30537.85,0.22,1
EC0520,Rumphi,Northern,49097.93,4,3.45,12411.11,31972.8,0.4,1
EC0521,Kasungu,Central,133139.91,10,5.57,15383.96,81144.09,0.4,1
EC0522,Zomba,Southern,65247.18,10,6.89,19249.27,36107.77,0.12,0
EC0523,Mzuzu,Northern,88322.92,11,4.6,16444.77,34537.95,0.23,0
EC0524,Lilongwe,Central,40407.67,3,4.59,24453.16,17947.92,0.36,1
EC0525,Mzimba,Northern,108060.09,7,2.38,24719.42,70265.28,0.3,0
EC0526,Kasungu,Central,103108.28,6,1.15,17427.88,44375.0,0.23,0
EC0527,Karonga,Northern,112614.36,7,7.26,11110.18,48719.96,0.29,1
EC0528,Dedza,Central,124361.86,6,3.32,14422.48,65733.94,0.03,0
EC0529,Blantyre,Southern,93328.53,3,5.34,22753.58,51307.74,0.08,0
EC0530,Lilongwe,Central,70088.56,3,5.77,27323.59,37111.88,0.34,0
EC0531,Thyolo,Southern,123524.91,3,4.69,25504.16,82462.5,0.05,1
EC0532,Lilongwe,Central,72132.82,5,4.46,6988.46,25643.18,0.02,0
EC0533,Thyolo,Southern,132498.81,4,1.69,6255.54,63614.98,0.3,1
EC0534,Kasungu,Central,129041.06,3,5.95,0.0,79801.26,0.12,1
EC0535,Kasungu,Central,72851.26,8,3.65,18875.54,30250.84,0.4,1
EC0536,Zomba,Southern,38008.8,8,9.64,14304.04,20909.04,0.43,1
EC0537,Karonga,Northern,149416.76,4,7.37,24727.23,70107.31,0.14,1
EC0538,Mzimba,Northern,106894.35,5,5.04,11932.69,45225.04,0.16,0
EC0539,Mzimba,Northern,38177.33,6,4.5,4921.82,23263.38,0.26,0
EC0540,Thyolo,Southern,72320.06,10,5.51,26888.95,25616.45,0.37,1
EC0541,Karonga,Northern,46644.97,3,4.83,13599.95,25226.04,0.33,1
EC0542,Thyolo,Southern,54017.93,4,3.94,20502.53,22031.35,0.29,0
EC0543,Kasungu,Central,44539.79,6,3.34,20752.64,24697.03,0.32,0
EC0544,Karonga,Northern,103857.61,9,5.62,23579.76,56651.75,0.0,0
EC0545,Zomba,Southern,92684.46,4,1.69,21568.87,49118.57,0.03,0
EC0546,Zomba,Southern,38692.01,7,5.84,6825.99,14988.76,0.18,0
EC0547,Rumphi,Northern,142601.31,6,7.07,19453.5,82876.51,0.16,1
EC0548,Salima,Central,69185.67,6,6.11,728.29,30954.06,0.26,0
EC0549,Dedza,Central,25159.93,7,11.15,7882.95,16537.95,0.03,0
EC0550,Kasungu,Central,88029.79,3,4.74,9948.24,35471.12,0.15,0
EC0551,Karonga,Northern,94111.33,2,4.53,14626.0,62576.34,0.24,1
EC0552,Mangochi,Southern,97352.51,7,4.16,18137.75,60865.56,0.41,0
EC0553,Blantyre,Southern,134032.9,3,4.56,9967.66,72645.48,0.09,0
EC0554,Mangochi,Southern,91392.81,6,2.38,22804.75,55731.18,0.06,0
EC0555,Kasungu,Central,87718.75,8,6.95,25309.43,58435.22,0.15,1
EC0556,Blantyre,Southern,116578.93,6,3.09,18360.36,74441.92,0.06,0
EC0557,Zomba,Southern,45213.29,3,3.91,15070.18,22477.62,0.1,0
EC0558,Lilongwe,Central,5213.29,9,9.61,11302.75,2802.44,0.15,0
EC0559,Karonga,Northern,19745.77,10,6.92,19632.83,13218.88,0.26,1
EC0560,Zomba,Southern,91151.87,4,3.13,17684.31,63290.12,0.3,1
EC0561,Kasungu,Central,73111.07,6,2.78,3439.2,45060.32,0.06,1
EC0562,Dedza,Central,118830.38,7,3.4,7735.13,68047.82,0.31,0
EC0563,Mzuzu,Northern,98278.65,5,6.1,11512.99,59797.77,0.31,0
EC0564,Thyolo,Southern,54864.29,6,5.92,1350.08,21664.93,0.26,0
EC0565,Zomba,Southern,80323.57,3,4.19,15462.36,37256.82,0.52,1
EC0566,Rumphi,Northern,123854.92,9,6.66,12141.65,76919.06,0.09,0
EC0567,Salima,Central,117106.87,3,6.69,7482.5,51170.77,0.24,1
EC0568,Mzuzu,Northern,53238.99,3,1.85,13581.92,20433.29,0.38,0
EC0569,Mzimba,Northern,79315.22,3,7.91,5556.32,29867.09,0.33,0
EC0570,Salima,Central,59410.48,4,6.5,16189.95,38568.07,0.38,1
EC0571,Mzimba,Northern,57046.62,6,6.7,26393.61,36113.86,0.0,0
EC0572,Mangochi,Southern,118402.84,7,6.27,13470.87,60201.47,0.34,0
EC0573,Thyolo,Southern,107813.96,5,4.22,25227.96,62231.63,0.25,0
EC0574,Karonga,Northern,77770.12,5,1.0,20778.02,31196.38,0.0,0
EC0575,Rumphi,Northern,109465.52,10,3.19,20190.7,62584.24,0.09,1
EC0576,Thyolo,Southern,160372.99,5,5.86,25572.63,72334.15,0.12,1
EC0577,Rumphi,Northern,72283.44,12,7.12,32938.12,42461.45,0.25,0
EC0578,Dedza,Central,126744.73,7,1.78,17573.34,47059.45,0.13,0
EC0579,Mzimba,Northern,101421.37,6,7.35,11212.92,54190.94,0.14,0
EC0580,Kasungu,Central,5000.0,5,5.42,9022.42,2334.84,0.11,0
EC0581,Blantyre,Southern,89177.26,4,3.05,15584.73,50333.85,0.31,0
EC0582,Zomba,Southern,114239.61,4,4.16,9252.41,47399.1,0.09,1
EC0583,Kasungu,Central,135739.39,5,4.98,2223.36,60609.55,0.11,1
EC0584,Kasungu,Central,104657.05,4,3.91,18259.96,49391.66,0.28,0
EC0585,Dedza,Central,61920.55,5,7.58,7356.14,30909.75,0.35,0
EC0586,Blantyre,Southern,5000.0,8,4.01,0.0,1989.77,0.13,0
EC0587,Thyolo,Southern,151180.98,4,5.78,27343.59,88930.0,0.07,0
EC0588,Thyolo,Southern,107649.99,3,5.1,12295.11,61571.97,0.2,1
EC0589,Mzimba,Northern,119586.17,4,2.78,0.0,47841.45,0.1,1
EC0590,Mangochi,Southern,140196.0,10,6.2,26288.7,94870.02,0.15,1
EC0591,Mzuzu,Northern,109588.39,4,5.18,9134.14,62820.84,0.26,0
EC0592,Zomba,Southern,36994.81,8,4.87,17489.3,25589.56,0.2,0
EC0593,Rumphi,Northern,82369.76,11,7.7,8457.53,54209.05,0.15,0
EC0594,Salima,Central,18702.61,4,4.24,12772.07,10493.81,0.0,1
EC0595,Zomba,Southern,103367.99,5,5.0,16243.78,44891.68,0.13,1
EC0596,Dedza,Central,81561.7,5,8.52,3247.0,50654.24,0.38,1
EC0597,Mzuzu,Northern,92826.46,5,6.39,19848.74,53032.46,0.24,1
EC0598,Kasungu,Central,89874.39,5,5.28,22606.57,35032.49,0.46,1
EC0599,Zomba,Southern,67214.47,6,5.73,6593.51,30822.11,0.25,1
EC0600,Salima,Central,116058.34,6,5.01,8539.59,74369.03,0.26,1
EC0601,Kasungu,Central,78109.96,5,3.28,3656.46,50025.74,0.43,0
EC0602,Blantyre,Southern,43985.71,2,4.62,13090.29,25867.87,0.28,1
EC0603,Salima,Central,94965.79,12,3.4,19183.98,63294.74,0.47,0
EC0604,Zomba,Southern,63231.6,6,9.54,21764.34,27563.16,0.24,0
EC0605,Mzimba,Northern,76787.46,6,7.74,9720.84,40921.0,0.26,0
EC0606,Karonga,Northern,39829.26,4,4.54,4587.42,27340.82,0.16,1
EC0607,Rumphi,Northern,51726.41,8,6.18,13167.62,29054.78,0.45,0
EC0608,Blantyre,Southern,30753.66,2,1.34,5099.58,17919.64,0.17,0
EC0609,Dedza,Central,59206.46,7,5.38,0.0,35923.74,0.31,1
EC0610,Lilongwe,Central,46671.25,5,3.98,1954.5,24441.98,0.27,0
EC0611,Salima,Central,54224.75,6,2.47,2328.32,31278.39,0.47,0
EC0612,Dedza,Central,45855.35,9,2.12,8964.84,17388.51,0.21,0
EC0613,Mzuzu,Northern,107052.02,5,7.42,28061.96,45438.61,0.3,1
EC0614,Zomba,Southern,74517.54,6,5.02,10436.25,32407.49,0.32,0
EC0615,Dedza,Central,26772.7,6,5.66,7242.56,17433.57,0.21,0
EC0616,Mzimba,Northern,64213.29,3,3.23,20097.13,23420.24,0.27,0
EC0617,Karonga,Northern,54092.59,9,3.7,25012.02,28866.38,0.33,1
EC0618,Mangochi,Southern,96469.17,2,2.22,17444.49,65497.89,0.21,0
EC0619,Lilongwe,Central,80737.23,3,2.63,11610.91,51569.68,0.32,0
EC0620,Mzimba,Northern,29656.59,6,3.8,12070.62,10401.89,0.33,0
EC0621,Kasungu,Central,96007.74,8,1.0,13180.39,37576.56,0.26,0
EC0622,Dedza,Central,33586.5,3,3.45,18381.41,18420.53,0.48,1
EC0623,Karonga,Northern,133069.97,3,4.2,16036.87,50280.91,0.0,0
EC0624,Mzimba,Northern,85618.96,5,3.4,7438.13,31043.65,0.21,1
EC0625,Lilongwe,Central,5000.0,6,7.94,11245.98,2943.73,0.52,0
EC0626,Karonga,Northern,118697.43,7,5.64,22061.46,53967.66,0.11,0
EC0627,Thyolo,Southern,54218.78,5,3.95,9038.16,34255.65,0.08,0
EC0628,Mzimba,Northern,46486.38,10,6.79,4233.34,19381.46,0.22,0
EC0629,Zomba,Southern,16657.14,8,3.68,9365.47,7909.62,0.48,1
EC0630,Mzuzu,Northern,112350.22,5,4.96,4929.54,74739.14,0.21,0
EC0631,Thyolo,Southern,138641.23,3,4.6,21486.31,68645.38,0.27,0
EC0632,Salima,Central,81841.55,4,5.65,25094.43,41681.62,0.12,0
EC0633,Mzuzu,Northern,73804.0,4,4.22,38977.78,35612.93,0.06,0
EC0634,Dedza,Central,91580.44,6,7.3,11936.16,46926.88,0.29,0
EC0635,Thyolo,Southern,84792.82,8,7.27,22687.08,50912.7,0.15,1
EC0636,Lilongwe,Central,72405.54,11,6.57,11828.18,25349.95,0.2,1
EC0637,Mzuzu,Northern,76855.71,4,6.21,24913.41,37669.04,0.0,1
EC0638,Mzimba,Northern,49438.77,8,4.94,10906.31,22332.2,0.45,0
EC0639,Salima,Central,126838.69,6,1.68,6233.18,83771.26,0.29,0
EC0640,Mzimba,Northern,90478.7,7,7.23,12419.99,46097.08,0.37,0
EC0641,Lilongwe,Central,104674.28,7,3.55,17854.52,61345.33,0.15,0
EC0642,Mzimba,Northern,49904.42,8,4.64,27442.63,22832.37,0.09,0
EC0643,Salima,Central,103217.33,5,4.07,19061.51,36132.77,0.0,1
EC0644,Dedza,Central,96907.0,2,2.54,18529.02,50248.89,0.46,0
EC0645,Thyolo,Southern,126251.44,7,7.04,9790.61,64360.07,0.17,1
EC0646,Mzimba,Northern,71732.2,4,8.56,32540.32,41297.19,0.03,0
EC0647,Karonga,Northern,204852.26,5,4.01,14627.21,71985.49,0.11,0
EC0648,Blantyre,Southern,89568.51,4,3.41,26700.92,56895.47,0.15,0
EC0649,Lilongwe,Central,122047.85,6,2.18,22512.14,66610.66,0.15,0
EC0650,Thyolo,Southern,143696.36,6,2.22,33194.39,79672.67,0.44,0
EC0651,Mangochi,Southern,83612.34,7,7.02,19052.12,56070.72,0.15,0
EC0652,Dedza,Central,85041.23,2,3.42,22897.29,54407.57,0.24,0
EC0653,Rumphi,Northern,56182.23,10,8.23,14190.33,27353.79,0.19,0
EC0654,Blantyre,Southern,113597.84,6,8.96,15362.36,77083.24,0.09,1
EC0655,Blantyre,Southern,130128.81,10,3.72,13144.71,54013.96,0.43,0
EC0656,Karonga,Northern,91482.39,3,4.67,31167.82,53202.38,0.22,0
EC0657,Salima,Central,124875.64,3,8.32,14506.05,61400.06,0.19,0
EC0658,Mangochi,Southern,102519.97,3,3.56,25644.23,70328.13,0.23,1
EC0659,Zomba,Southern,129924.56,6,3.59,5387.12,85192.23,0.22,1
EC0660,Mzuzu,Northern,96727.87,7,2.87,2899.67,61426.78,0.3,0
EC0661,Karonga,Northern,94643.23,5,4.99,23143.61,49985.23,0.22,1
EC0662,Thyolo,Southern,61631.18,5,1.0,11194.04,27132.69,0.24,0
EC0663,Blantyre,Southern,61325.27,8,6.74,9594.1,41401.78,0.45,0
EC0664,Zomba,Southern,5000.0,4,6.58,12938.1,1883.97,0.16,0
EC0665,Mzuzu,Northern,77239.82,6,8.19,6027.45,43584.87,0.27,0
EC0666,Mangochi,Southern,95975.31,7,6.84,6957.35,60011.84,0.0,0
EC0667,Rumphi,Northern,80052.9,4,3.49,7778.34,46918.7,0.17,1
EC0668,Mzimba,Northern,99100.15,6,3.29,16072.36,54002.41,0.24,1
EC0669,Mzuzu,Northern,89017.24,7,6.62,0.0,33009.99,0.19,1
EC0670,Rumphi,Northern,48291.13,11,5.07,14208.21,22193.51,0.4,1
EC0671,Thyolo,Southern,150095.63,6,4.63,8644.28,96528.21,0.41,1
EC0672,Blantyre,Southern,57920.03,3,2.22,22798.18,21350.79,0.28,0
EC0673,Mzuzu,Northern,40603.27,4,4.14,19586.25,17588.3,0.33,0
EC0674,Zomba,Southern,96373.53,5,8.56,9237.1,39839.73,0.16,0
EC0675,Mzuzu,Northern,31283.74,5,3.01,36094.91,14248.72,0.15,1
EC0676,Thyolo,Southern,77308.24,12,7.55,0.0,37893.55,0.11,1
EC0677,Kasungu,Central,134613.96,4,6.07,3905.38,66006.76,0.11,0
EC0678,Mzuzu,Northern,87979.99,7,7.55,12806.94,56144.53,0.28,0
EC0679,Salima,Central,55851.78,8,6.32,20244.48,29657.06,0.08,1
EC0680,Mzuzu,Northern,70691.21,7,5.04,9996.85,44008.52,0.22,1
EC0681,Salima,Central,127285.81,7,3.33,18948.42,76158.1,0.37,1
EC0682,Lilongwe,Central,42687.57,6,6.16,13873.28,29711.77,0.32,0
EC0683,Dedza,Central,71380.29,6,4.57,13677.1,34018.18,0.04,0
EC0684,Lilongwe,Central,59245.51,1,6.15,20111.94,38548.03,0.0,1
EC0685,Mzuzu,Northern,102455.75,11,4.83,14474.26,41835.83,0.23,0
EC0686,Mzimba,Northern,106732.54,4,4.2,9614.14,70813.67,0.15,0
EC0687,Lilongwe,Central,112362.01,9,5.49,5121.02,58056.63,0.18,1
EC0688,Salima,Central,121521.52,7,1.77,14221.84,56105.84,0.12,0
EC0689,Zomba,Southern,82016.21,3,7.81,10031.4,31913.22,0.41,0
EC0690,Dedza,Central,175424.39,6,2.57,6338.96,90752.86,0.36,0
EC0691,Mzuzu,Northern,70657.5,8,5.91,4315.23,43924.5,0.25,0
EC0692,Thyolo,Southern,114963.2,4,5.33,12382.66,69019.01,0.0,1
EC0693,Zomba,Southern,54772.6,8,1.73,27655.88,26793.3,0.3,0
EC0694,Mzuzu,Northern,35579.58,4,8.16,14132.03,16641.47,0.26,1
EC0695,Lilongwe,Central,108693.95,4,5.76,10305.09,42809.13,0.18,1
EC0696,Lilongwe,Central,6538.17,3,4.59,14735.51,3803.22,0.23,0
EC0697,Mzimba,Northern,100024.86,5,5.27,13345.53,36686.79,0.17,0
EC0698,Salima,Central,39794.96,4,5.49,18244.01,20683.68,0.21,0
EC0699,Kasungu,Central,61345.46,3,4.71,11524.31,27477.95,0.31,0
EC0700,Blantyre,Southern,124930.97,6,2.62,21315.01,84668.96,0.26,0
EC0701,Rumphi,Northern,135888.63,6,3.82,23502.06,47725.57,0.23,1
EC0702,Dedza,Central,105573.04,8,2.5,21663.84,57165.45,0.14,0
EC0703,Blantyre,Southern,145726.44,2,3.24,20015.33,92836.43,0.12,0
EC0704,Blantyre,Southern,107812.15,9,4.72,6454.15,44846.62,0.34,0
EC0705,Thyolo,Southern,157379.48,7,4.89,25135.14,85962.22,0.26,0
EC0706,Mzimba,Northern,23651.81,6,10.82,5059.57,14335.1,0.38,1
EC0707,Mzimba,Northern,52973.17,8,6.87,21228.68,20850.07,0.2,0
EC0708,Kasungu,Central,102823.65,3,7.19,10128.02,57039.9,0.14,0
EC0709,Mzimba,Northern,158868.14,8,4.21,13870.08,83079.09,0.2,0
EC0710,Dedza,Central,95796.46,8,6.56,22574.05,52403.79,0.22,1
EC0711,Lilongwe,Central,87553.19,5,5.97,3126.44,38699.67,0.21,1
EC0712,Mzuzu,Northern,94883.07,6,6.24,17465.26,43166.14,0.36,1
EC0713,Lilongwe,Central,102019.32,6,5.65,16538.64,50134.57,0.22,0
EC0714,Blantyre,Southern,112132.08,8,11.2,13448.61,67862.47,0.0,0
EC0715,Mzuzu,Northern,108717.55,5,4.21,4049.17,39330.84,0.02,1
EC0716,Dedza,Central,71996.04,1,3.82,233.47,34799.75,0.09,0
EC0717,Zomba,Southern,5000.0,6,5.76,10838.73,2541.76,0.2,1
EC0718,Rumphi,Northern,103323.09,5,7.15,22680.36,71868.63,0.06,1
EC0719,Salima,Central,85518.33,7,4.49,14465.01,56177.52,0.32,1
EC0720,Mzuzu,Northern,5000.0,8,9.95,0.0,2813.5,0.27,0
EC0721,Salima,Central,98075.49,5,8.47,9475.17,66316.53,0.32,0
EC0722,Lilongwe,Central,83070.43,3,6.96,0.0,49552.4,0.37,0
EC0723,Lilongwe,Central,109747.63,1,7.75,7217.43,75590.37,0.43,1
EC0724,Karonga,Northern,79379.83,3,4.02,10653.34,44586.46,0.19,1
EC0725,Mangochi,Southern,55373.74,10,4.78,11740.28,31983.07,0.25,0
EC0726,Lilongwe,Central,107105.11,7,6.89,12057.53,37840.75,0.21,1
EC0727,Rumphi,Northern,18141.55,8,2.48,15280.87,6980.02,0.0,0
EC0728,Mangochi,Southern,82945.11,11,5.7,26001.91,33065.87,0.26,1
EC0729,Mzuzu,Northern,21263.79,6,3.4,13100.48,9062.76,0.24,0
EC0730,Rumphi,Northern,176665.75,3,6.84,17936.45,74322.63,0.26,0
EC0731,Mzimba,Northern,21720.5,6,3.4,22829.64,8071.19,0.31,0
EC0732,Kasungu,Central,131093.98,6,6.41,23219.25,66935.0,0.05,0
EC0733,Lilongwe,Central,80143.94,8,2.76,16013.58,55243.81,0.18,0
EC0734,Kasungu,Central,5000.0,5,3.63,0.0,2531.55,0.19,0
EC0735,Rumphi,Northern,105430.61,4,1.0,26831.44,54589.6,0.04,1
EC0736,Kasungu,Central,86821.79,5,4.73,12945.72,43914.63,0.28,1
EC0737,Rumphi,Northern,73128.17,11,6.05,2784.48,43586.99,0.37,1
EC0738,Mzuzu,Northern,13621.57,2,5.65,11818.5,6532.37,0.26,0
EC0739,Thyolo,Southern,128440.09,6,5.84,17138.95,64758.9,0.2,0
EC0740,Zomba,Southern,71717.52,7,10.18,22023.08,28168.74,0.0,1
EC0741,Dedza,Central,58786.46,5,2.21,17222.11,32833.24,0.45,0
EC0742,Kasungu,Central,133550.48,9,6.22,31057.72,87116.06,0.25,0
EC0743,Dedza,Central,86090.2,5,7.11,9352.16,58173.72,0.46,0
EC0744,Blantyre,Southern,132351.35,5,3.45,0.0,81476.85,0.19,1
EC0745,Thyolo,Southern,160710.14,2,3.91,11725.62,92869.4,0.18,0
EC0746,Mzimba,Northern,72539.2,4,2.95,13822.69,44324.66,0.26,1
EC0747,Kasungu,Central,124708.67,13,5.3,11970.73,87216.38,0.11,1
EC0748,Kasungu,Central,44189.61,7,6.29,15197.62,23445.37,0.39,0
EC0749,Rumphi,Northern,101352.67,4,8.97,6171.42,61969.14,0.24,1
EC0750,Zomba,Southern,99249.8,8,3.72,17999.5,67007.78,0.37,0
EC0751,Mzuzu,Northern,45388.42,12,6.18,25328.91,17861.4,0.23,0
EC0752,Mzuzu,Northern,79223.44,9,4.7,24984.38,31426.26,0.0,0
EC0753,Lilongwe,Central,93464.72,8,4.26,9050.47,50290.61,0.29,0
EC0754,Karonga,Northern,72217.78,5,9.72,26530.24,36911.66,0.13,0
EC0755,Rumphi,Northern,104754.41,7,4.58,21030.39,37772.0,0.21,1
EC0756,Dedza,Central,61985.07,4,6.7,18293.34,40857.48,0.25,0
EC0757,Karonga,Northern,159528.7,4,7.71,17158.72,110555.74,0.11,1
EC0758,Blantyre,Southern,153455.78,6,6.42,12508.06,86418.22,0.07,0
EC0759,Mzuzu,Northern,68736.15,6,7.36,9392.88,47590.36,0.28,1
EC0760,Zomba,Southern,82813.01,2,3.49,13160.44,38361.99,0.34,1
EC0761,Thyolo,Southern,63494.89,3,7.21,24411.81,40544.72,0.12,1
EC0762,Salima,Central,91299.68,2,5.48,20864.05,57333.8,0.02,0
EC0763,Kasungu,Central,207442.46,7,4.76,0.0,82547.99,0.34,1
EC0764,Karonga,Northern,98180.16,5,6.58,33434.24,41925.92,0.03,1
EC0765,Karonga,Northern,140305.38,7,6.88,9477.97,71042.59,0.3,1
EC0766,Mzimba,Northern,99917.13,3,7.67,18990.29,48271.04,0.18,1
EC0767,Dedza,Central,133093.43,10,7.39,21291.85,51214.9,0.12,0
EC0768,Blantyre,Southern,52650.64,3,9.09,4548.36,31709.09,0.35,0
EC0769,Lilongwe,Central,35133.53,5,5.35,20684.21,19485.64,0.39,1
EC0770,Thyolo,Southern,98657.05,4,6.22,27480.17,65793.66,0.26,1
EC0771,Mzimba,Northern,73604.03,9,6.77,7221.14,33008.31,0.37,1
EC0772,Mzuzu,Northern,44107.28,7,3.06,27701.82,16389.25,0.23,0
EC0773,Blantyre,Southern,72248.61,7,7.6,19240.31,48016.96,0.49,1
EC0774,Salima,Central,36337.95,2,5.38,14471.75,12831.89,0.28,0
EC0775,Zomba,Southern,132576.53,4,2.85,35524.34,55872.31,0.5,1
EC0776,Mzimba,Northern,65970.33,7,3.65,28550.28,32026.06,0.29,0
EC0777,Lilongwe,Central,71078.08,1,3.32,9540.45,46761.51,0.33,1
EC0778,Blantyre,Southern,95098.79,6,2.06,0.0,41416.83,0.33,1
EC0779,Blantyre,Southern,130465.41,7,7.99,27444.25,69274.73,0.27,1
EC0780,Kasungu,Central,116797.57,7,3.64,15376.06,75747.26,0.13,0
EC0781,Mzimba,Northern,120937.23,6,6.11,15681.3,43771.97,0.26,1
EC0782,Karonga,Northern,89586.17,6,7.03,16659.08,56299.0,0.38,0
EC0783,Dedza,Central,5000.0,7,6.53,16276.36,2076.68,0.4,0
EC0784,Zomba,Southern,128842.13,14,3.36,11268.32,72935.17,0.21,0
EC0785,Mzuzu,Northern,93991.69,10,4.81,17990.31,35794.36,0.05,0
EC0786,Blantyre,Southern,102264.51,3,9.6,0.0,53426.27,0.58,0
EC0787,Salima,Central,90905.26,7,5.39,17417.97,52193.53,0.11,1
EC0788,Dedza,Central,87979.12,5,6.87,13818.64,41317.42,0.25,0
EC0789,Mzuzu,Northern,109346.69,7,5.59,8099.78,54445.53,0.41,0
EC0790,Karonga,Northern,73108.01,1,7.88,10512.93,30685.87,0.44,0
EC0791,Rumphi,Northern,96986.87,4,7.01,21151.24,66810.6,0.44,0
EC0792,Mzimba,Northern,73913.7,5,7.66,16619.24,40229.66,0.35,1
EC0793,Lilongwe,Central,78915.82,8,7.07,18469.35,35864.61,0.16,0
EC0794,Mangochi,Southern,104889.89,5,5.51,11871.7,43804.22,0.22,0
EC0795,Blantyre,Southern,96169.52,11,4.72,19762.23,59305.99,0.16,0
EC0796,Salima,Central,51510.82,10,4.62,27334.25,23419.27,0.41,0
EC0797,Rumphi,Northern,133946.76,8,1.13,28959.08,71778.84,0.22,0
EC0798,Salima,Central,18659.24,9,5.29,24597.81,11941.36,0.36,0
EC0799,Zomba,Southern,62676.55,6,3.17,8639.07,29069.5,0.39,0
EC0800,Thyolo,Southern,148459.29,10,1.94,5318.26,88187.57,0.17,1
EC0801,Mangochi,Southern,41768.43,4,5.18,19504.09,28618.5,0.33,1
EC0802,Lilongwe,Central,82272.99,8,4.12,24537.13,45105.05,0.12,1
EC0803,Blantyre,Southern,186842.35,6,7.53,22132.99,70360.73,0.13,0
EC0804,Zomba,Southern,43814.12,11,3.77,18066.74,16631.66,0.12,0
EC0805,Kasungu,Central,124639.08,6,1.0,11570.63,86757.68,0.27,0
EC0806,Blantyre,Southern,5050.17,3,4.03,14558.14,1800.92,0.17,0
EC0807,Salima,Central,51515.51,7,7.46,19457.57,30201.79,0.18,1
EC0808,Lilongwe,Central,158443.17,6,3.51,21789.69,71406.35,0.35,0
EC0809,Karonga,Northern,82258.06,3,7.58,7051.23,46175.4,0.0,0
EC0810,Zomba,Southern,181716.34,8,1.78,18928.37,65630.35,0.34,1
EC0811,Kasungu,Central,7295.02,13,4.17,0.0,5074.33,0.42,1
EC0812,Lilongwe,Central,99499.5,5,6.06,19462.92,43347.66,0.22,0
EC0813,Mzuzu,Northern,117634.42,5,4.95,27219.4,50032.19,0.34,1
EC0814,Dedza,Central,57630.78,4,2.1,15212.12,29341.88,0.0,1
EC0815,Kasungu,Central,70670.3,6,4.39,9051.34,29839.56,0.14,0
EC0816,Mzimba,Northern,125781.38,5,5.43,22591.44,67286.99,0.0,1
EC0817,Lilongwe,Central,117815.22,8,6.23,4713.78,53469.1,0.25,0
EC0818,Mangochi,Southern,78301.61,7,1.71,12814.22,47512.69,0.27,0
EC0819,Dedza,Central,55247.12,7,5.19,12439.21,26954.94,0.28,0
EC0820,Kasungu,Central,86143.67,6,5.83,20075.23,41436.06,0.25,0
EC0821,Blantyre,Southern,38143.61,4,1.5,15377.88,24925.21,0.39,0
EC0822,Blantyre,Southern,65023.98,7,5.97,17977.61,39828.97,0.16,0
EC0823,Zomba,Southern,24623.41,4,4.82,17124.21,11199.13,0.09,0
EC0824,Zomba,Southern,36894.66,3,5.87,14580.74,16601.5,0.16,0
EC0825,Salima,Central,98686.8,5,6.49,11489.21,35195.67,0.25,0
EC0826,Kasungu,Central,27061.86,6,8.45,10255.39,13948.71,0.39,0
EC0827,Thyolo,Southern,99707.6,4,5.21,12754.43,54533.38,0.39,0
EC0828,Mangochi,Southern,20904.96,6,3.88,15351.28,11144.63,0.34,0
EC0829,Rumphi,Northern,111213.48,11,7.16,20784.13,77837.86,0.13,1
EC0830,Mangochi,Southern,133670.1,9,4.64,2432.69,74517.46,0.25,0
EC0831,Mzimba,Northern,52900.37,4,4.76,13636.48,23373.35,0.29,1
EC0832,Mzimba,Northern,81529.35,7,4.01,13045.76,33627.56,0.51,1
EC0833,Mzimba,Northern,49007.41,5,6.77,24383.39,31362.35,0.11,0
EC0834,Mangochi,Southern,94966.41,5,4.47,16988.9,60214.19,0.14,0
EC0835,Lilongwe,Central,106727.42,4,4.09,7371.63,56236.19,0.24,0
EC0836,Mangochi,Southern,98384.98,10,2.45,736.21,64401.5,0.29,1
EC0837,Thyolo,Southern,95001.65,7,5.39,26562.74,50010.7,0.11,0
EC0838,Mzuzu,Northern,48268.91,9,5.79,11383.69,31927.23,0.12,1
EC0839,Blantyre,Southern,84335.76,4,6.49,11180.84,57624.57,0.26,1
EC0840,Mzuzu,Northern,133305.91,3,7.41,19883.36,84833.12,0.16,0
EC0841,Mangochi,Southern,140385.05,9,7.15,9427.97,55493.0,0.08,0
EC0842,Mzuzu,Northern,13125.26,8,5.46,11533.92,4883.2,0.4,0
EC0843,Dedza,Central,109654.89,6,2.38,27975.69,49764.12,0.42,0
EC0844,Mzimba,Northern,16850.97,11,4.64,4873.27,11064.48,0.22,1
EC0845,Blantyre,Southern,93297.45,8,5.79,23326.62,46069.09,0.73,0
EC0846,Karonga,Northern,98441.69,5,6.56,14506.05,56635.8,0.2,1
EC0847,Salima,Central,85431.61,6,5.39,7991.81,59640.01,0.26,0
EC0848,Karonga,Northern,95600.87,11,5.8,6418.09,61112.06,0.65,1
EC0849,Mangochi,Southern,47715.25,8,4.24,18688.28,18834.35,0.24,0
EC0850,Zomba,Southern,77662.28,3,6.94,27551.0,41714.06,0.15,0
EC0851,Mangochi,Southern,120013.82,6,6.12,19546.69,67060.18,0.15,0
EC0852,Salima,Central,72133.54,7,6.23,13176.55,29974.87,0.18,1
EC0853,Mangochi,Southern,122938.97,11,3.55,12625.85,73920.78,0.29,0
EC0854,Karonga,Northern,140121.95,3,7.28,5637.84,71479.64,0.08,0
EC0855,Kasungu,Central,83453.99,4,5.84,0.0,34327.82,0.07,0
EC0856,Rumphi,Northern,98325.52,4,5.87,10281.07,38016.53,0.24,0
EC0857,Rumphi,Northern,45809.81,6,7.26,11317.17,25863.22,0.27,1
EC0858,Zomba,Southern,59066.84,12,5.22,12636.21,31276.55,0.0,1
EC0859,Rumphi,Northern,50894.42,10,5.14,20613.74,28896.36,0.16,1
EC0860,Karonga,Northern,83347.45,5,2.18,28212.56,47502.75,0.07,0
EC0861,Rumphi,Northern,55055.53,4,3.83,15934.06,26796.83,0.16,0
EC0862,Blantyre,Southern,59262.48,8,5.43,10987.94,28098.43,0.29,0
EC0863,Mzuzu,Northern,50066.54,6,3.87,10800.32,17554.62,0.49,1
EC0864,Kasungu,Central,209466.69,2,6.54,16019.3,113876.19,0.24,0
EC0865,Kasungu,Central,62651.65,5,8.18,18578.65,28598.02,0.25,1
EC0866,Mzuzu,Northern,165419.05,9,7.57,335.54,112739.87,0.14,0
EC0867,Salima,Central,195837.63,4,7.08,6244.15,70876.74,0.08,1
EC0868,Mangochi,Southern,51689.96,5,5.64,19102.48,35289.74,0.0,1
EC0869,Dedza,Central,61651.36,7,3.06,11486.48,27709.24,0.23,1
EC0870,Rumphi,Northern,105222.32,7,4.14,19244.78,43401.56,0.16,1
EC0871,Mangochi,Southern,38280.5,5,5.61,3967.56,13433.91,0.07,0
EC0872,Rumphi,Northern,92275.64,9,6.19,1686.78,47505.68,0.26,0
EC0873,Rumphi,Northern,76160.31,7,5.54,7711.32,26789.64,0.13,0
EC0874,Salima,Central,82023.51,4,8.18,21753.23,37501.35,0.29,1
EC0875,Karonga,Northern,74417.93,5,3.24,13273.68,51165.4,0.0,1
EC0876,Rumphi,Northern,94525.34,9,2.98,7236.65,47883.24,0.24,0
EC0877,Zomba,Southern,5000.0,3,4.82,16310.65,3372.13,0.18,0
EC0878,Kasungu,Central,77714.03,2,8.4,11731.37,44811.96,0.31,0
EC0879,Mzuzu,Northern,137635.61,6,4.11,6484.07,93928.37,0.03,1
EC0880,Mzimba,Northern,31046.58,6,6.21,13047.6,15499.22,0.05,1
EC0881,Rumphi,Northern,76485.88,5,7.24,9222.64,27601.92,0.08,0
EC0882,Blantyre,Southern,98719.3,8,5.31,19848.9,47089.21,0.14,0
EC0883,Zomba,Southern,102272.47,4,5.48,19225.4,68952.67,0.3,1
EC0884,Dedza,Central,97825.55,1,8.07,19774.24,55613.34,0.26,0
EC0885,Salima,Central,39266.83,5,5.5,1920.32,23920.37,0.33,1
EC0886,Mzimba,Northern,69610.5,3,6.19,13919.35,48511.76,0.27,0
EC0887,Mzuzu,Northern,82469.65,5,7.21,14809.61,56860.94,0.08,0
EC0888,Blantyre,Southern,68384.85,7,3.66,15555.02,38870.68,0.48,1
EC0889,Zomba,Southern,64833.35,4,6.6,19061.89,25912.89,0.44,0
EC0890,Mzimba,Northern,34662.38,5,1.51,0.0,18252.29,0.31,1
EC0891,Salima,Central,89776.58,8,3.36,18841.04,42895.16,0.32,0
EC0892,Dedza,Central,85321.77,3,7.04,17801.84,42083.92,0.42,0
EC0893,Mangochi,Southern,136633.09,9,6.76,28746.95,93224.18,0.32,1
EC0894,Mangochi,Southern,79477.45,6,5.2,9934.25,38304.2,0.11,0
EC0895,Dedza,Central,138556.54,3,7.56,13021.09,91545.37,0.16,0
EC0896,Mangochi,Southern,5000.0,2,7.15,19683.02,2857.1,0.31,0
EC0897,Lilongwe,Central,99805.43,8,7.12,5842.7,66832.84,0.24,0
EC0898,Thyolo,Southern,85636.68,9,5.66,21195.22,31989.4,0.32,1
EC0899,Thyolo,Southern,75384.12,8,6.17,13304.98,36772.31,0.19,1
EC0900,Karonga,Northern,109405.55,4,2.33,12441.86,62106.09,0.39,1
